User ID,Product ID,Product Name,Price,Rating,Color,Size
19,1,Dress,40,10.431.592.108.361.800,Black,XL
97,2,Shoes,82,4.026.416.271.141.910,Black,L
25,3,Dress,44,3.337.937.559.377.050,Yellow,XL
57,4,Shoes,23,10.495.229.563.128.500,White,S
79,5,T-shirt,79,4.302.773.408.398.680,Black,M
98,6,Dress,47,13.795.657.395.330.400,Yellow,L
16,7,Jeans,37,13.567.503.746.842.500,White,XL
63,8,Sweater,64,436.030.328.941.572,Blue,XL
96,9,Sweater,53,4.466.181.876.278.430,Green,XL
36,10,T-shirt,55,4.093.234.402.033.420,White,XL
69,11,T-shirt,51,11.609.879.573.062.700,Red,S
87,12,Sweater,91,2.699.735.537.578.590,Yellow,M
9,13,Jeans,35,16.011.935.800.534.100,Red,M
50,14,Dress,34,2.921.004.203.947.340,White,L
31,15,Shoes,54,3.670.412.239.336.500,Yellow,M
37,16,Dress,27,14.227.161.428.043.500,Blue,S
41,17,Dress,75,14.806.321.322.978.900,Blue,XL
15,18,Jeans,73,4.498.244.680.519.680,Red,XL
84,19,Shoes,54,3.278.340.556.246.370,White,M
56,20,Dress,53,37.852.452.454.057.900,Green,L
87,21,Jeans,56,26.095.873.530.986.700,Yellow,S
56,22,Jeans,89,4.568.632.342.868.540,Green,L
60,23,Jeans,91,4.072.724.797.078.310,Yellow,M
64,24,Jeans,15,24.997.562.739.320.400,Yellow,XL
65,25,Sweater,38,1.020.492.671.359.240,Green,S
26,26,Dress,21,4.748.169.005.039.640,Green,S
82,27,T-shirt,72,33.017.434.083.754.000,Red,L
87,28,Shoes,32,2.822.802.859.802.240,Yellow,L
98,29,Shoes,85,49.409.852.209.868.500,Yellow,M
20,30,Sweater,99,3.110.113.572.581.450,Green,XL
36,31,Jeans,37,2.755.187.148.705.760,Blue,S
98,32,T-shirt,78,34.472.894.702.794.900,White,XL
69,33,Jeans,89,4.799.409.018.709.700,Green,XL
31,34,Jeans,80,39.232.611.597.712.200,Black,S
48,35,Jeans,37,4.173.991.567.921.780,Blue,L
18,36,Dress,74,10.149.961.280.920.100,Green,S
27,37,Sweater,48,494.766.478.278.459,Blue,S
60,38,T-shirt,76,2.663.067.923.739.060,Yellow,S
46,39,Jeans,90,1.788.771.519.300.070,Yellow,M
84,40,Dress,26,24.356.113.364.040.300,Black,XL
43,41,Jeans,40,2.922.173.645.847.820,Blue,L
43,42,Shoes,43,16.719.588.858.059.000,Red,S
91,43,T-shirt,39,3.601.868.546.646.000,White,M
78,44,Jeans,74,2.039.156.739.091.340,White,M
60,45,Jeans,85,4.886.711.103.488.970,Red,L
44,46,Dress,38,282.786.983.124.548,Yellow,XL
93,47,Jeans,62,12.807.316.864.746.500,Green,S
74,48,T-shirt,10,18.369.639.658.885.600,Green,M
19,49,Sweater,52,30.122.407.856.530.500,Green,XL
98,50,T-shirt,38,30.832.859.328.181.000,Blue,L
51,51,Jeans,67,38.429.900.228.918.700,Yellow,XL
80,52,Dress,59,3.964.195.137.772.800,Red,S
39,53,T-shirt,16,12.923.199.695.786.100,Red,M
33,54,Shoes,33,2.450.522.629.395.140,Blue,S
78,55,Sweater,76,2.820.647.079.283.960,Red,S
24,56,Dress,53,2.251.328.486.675.960,White,XL
99,57,Sweater,52,36.131.362.931.746.100,Red,M
83,58,Shoes,61,16.845.413.743.576.300,White,L
38,59,Dress,93,3.158.493.604.214.380,Blue,M
51,60,Shoes,24,15.907.130.702.162.200,Yellow,XL
63,61,Shoes,25,10.424.088.201.476.800,Yellow,M
54,62,T-shirt,66,2.063.108.734.779.850,Blue,L
53,63,Jeans,55,4.026.271.065.991.510,White,L
50,64,Shoes,72,17.792.107.858.467.700,Red,M
6,65,Shoes,33,30.450.160.025.950.000,Yellow,XL
87,66,Sweater,59,4.550.917.310.052.920,Red,XL
84,67,Jeans,41,4.251.683.238.918.620,Green,M
43,68,T-shirt,76,43.049.362.401.792.000,Red,S
3,69,Sweater,74,3.666.667.399.691.830,Yellow,M
6,70,Dress,36,25.386.008.521.607.900,Yellow,M
15,71,Sweater,35,4.864.999.297.666.650,White,M
94,72,T-shirt,51,27.936.258.074.198.900,Yellow,M
98,73,T-shirt,34,29.239.820.574.485.900,Red,M
6,74,Dress,68,28.808.081.878.968.600,White,XL
42,75,Dress,86,2.889.443.699.732.860,Blue,S
54,76,Jeans,39,29.741.393.146.980.500,Black,XL
37,77,Sweater,90,22.282.631.651.177.500,Blue,L
9,78,T-shirt,76,12.972.571.933.246.500,White,XL
26,79,T-shirt,11,13.334.220.867.175.700,Red,L
71,80,Jeans,21,2.938.056.289.633.590,Red,XL
72,81,T-shirt,66,24.034.400.018.052.800,Green,S
100,82,Dress,31,4.612.706.002.521.090,Blue,S
69,83,Shoes,49,1.421.790.366.569.120,Blue,L
19,84,Sweater,42,25.601.740.446.118.300,Red,L
84,85,Shoes,89,1.107.632.847.390.410,Yellow,XL
4,86,Sweater,50,3.276.221.602.515.560,Yellow,M
21,87,Shoes,41,4.126.941.613.678.200,Red,S
85,88,Dress,61,25.578.921.317.942.500,White,L
10,89,Dress,66,38.964.369.624.700.600,White,L
2,90,Jeans,37,3.961.592.462.639.100,Red,XL
90,91,Jeans,85,30.525.558.220.725.100,Green,XL
6,92,Jeans,100,18.450.713.044.064.700,White,M
33,93,Shoes,70,4.928.128.215.414.030,White,S
12,94,Shoes,21,3.941.875.648.194.900,Yellow,XL
62,95,Shoes,58,1.971.525.134.654.160,Blue,S
22,96,Dress,30,4.655.251.630.403.740,Red,L
18,97,Jeans,52,37.618.905.512.261.300,Green,L
44,98,Sweater,61,4.277.089.915.641.020,Black,XL
25,99,Shoes,93,4.280.090.724.853.460,Yellow,L
79,100,Shoes,84,183.719.942.156.349,Red,L
52,101,Jeans,95,15.017.542.710.399.400,Green,XL
71,102,Sweater,19,4.211.889.573.000.040,Red,S
57,103,Jeans,84,36.491.707.147.745.600,White,XL
64,104,Jeans,24,4.737.257.324.597.890,White,M
35,105,Jeans,52,17.509.311.602.979.100,Yellow,L
63,106,Jeans,21,2.726.230.340.988.480,Red,L
19,107,Sweater,23,33.213.469.284.575.600,Red,L
80,108,Sweater,13,4.278.042.968.142.890,Green,L
77,109,Jeans,73,272.765.960.082.044,Black,XL
22,110,Sweater,33,4.665.058.098.805.440,Blue,XL
99,111,Shoes,55,23.936.845.906.950.500,Green,M
92,112,Jeans,15,2.446.269.480.365.050,White,S
97,113,T-shirt,60,11.884.917.976.998.300,White,L
48,114,Shoes,37,1.457.139.593.656.430,Red,M
37,115,Dress,64,28.878.066.008.190.600,Blue,L
77,116,Shoes,60,3.114.797.145.238.710,Green,M
52,117,Dress,75,3.992.174.604.280.830,White,M
63,118,Dress,71,35.173.157.730.835.600,Yellow,S
10,119,Jeans,73,26.579.250.711.651.200,Yellow,S
77,120,T-shirt,12,25.073.106.927.358.900,Green,M
95,121,T-shirt,96,16.339.895.968.292.000,Red,M
90,122,Sweater,36,4.425.129.581.852.590,Blue,XL
80,123,Sweater,65,26.473.934.151.433.200,Yellow,L
65,124,Sweater,62,10.908.131.501.294.300,Black,L
56,125,Sweater,56,4.139.373.022.505.050,Green,L
65,126,T-shirt,55,4.851.703.509.210.900,Green,M
7,127,Shoes,47,486.740.352.988.641,Yellow,M
100,128,T-shirt,61,23.104.939.634.166.700,Green,M
70,129,T-shirt,85,21.043.220.072.345.900,Yellow,M
40,130,Shoes,81,10.219.724.847.287.600,Green,M
70,131,T-shirt,50,33.774.933.674.823.000,Blue,M
100,132,Sweater,10,29.977.013.284.756.300,White,M
29,133,Shoes,28,16.645.424.017.858.600,Blue,XL
23,134,Sweater,60,36.336.515.298.115.700,Yellow,S
94,135,Dress,14,3.654.703.012.504.200,Blue,L
34,136,Shoes,45,10.176.547.429.590.800,Blue,XL
44,137,Dress,90,33.205.086.094.093.900,Green,S
16,138,Dress,23,18.115.782.608.758.900,Yellow,S
73,139,Sweater,45,35.400.818.665.610.000,Blue,XL
54,140,Shoes,40,20.226.430.029.467.600,Green,M
58,141,Jeans,28,4.441.575.547.962.880,Yellow,L
46,142,Shoes,38,44.039.323.943.697.400,White,XL
88,143,Shoes,81,4.922.934.883.340.840,White,L
75,144,Shoes,57,10.009.672.354.280.600,Blue,M
34,145,T-shirt,60,4.821.956.688.936.050,Green,S
75,146,Shoes,53,34.663.879.810.046.500,Yellow,M
54,147,Shoes,48,2.582.393.026.142.000,Green,L
39,148,Shoes,82,2.716.311.659.141.030,Black,L
95,149,Jeans,56,4.001.270.462.281.130,Green,M
67,150,T-shirt,43,11.973.307.228.303.700,Green,M
5,151,Shoes,77,23.520.641.401.819.500,Blue,M
31,152,Jeans,71,4.815.682.355.275.900,Green,S
2,153,Shoes,31,1.946.292.675.520.490,Black,S
51,154,Dress,11,23.012.246.310.106.800,Blue,L
91,155,T-shirt,48,2.433.795.361.947.490,White,L
92,156,T-shirt,21,11.541.873.635.251.300,Red,L
39,157,Dress,67,3.981.751.297.528.460,Yellow,S
99,158,Shoes,88,2.923.330.927.137.080,Blue,M
10,159,Jeans,50,2.241.727.301.168.480,Green,S
46,160,Shoes,35,2.983.802.720.525.200,Black,L
80,161,Sweater,67,4.735.471.556.646.830,Blue,M
40,162,T-shirt,48,29.816.414.902.965.500,Red,L
18,163,Dress,93,4.268.027.667.457.270,Green,S
16,164,T-shirt,68,26.365.948.985.682.000,Red,L
34,165,Jeans,67,2.275.472.954.296.470,White,XL
100,166,Sweater,96,4.743.823.985.146.880,White,L
92,167,Shoes,43,4.478.061.369.681.750,Blue,S
54,168,Sweater,69,44.565.805.986.423.100,Green,XL
62,169,Shoes,98,10.894.623.247.655.300,Black,XL
50,170,Sweater,20,346.519.259.419.596,Yellow,M
24,171,Jeans,42,17.678.665.213.854.000,Blue,S
13,172,Jeans,32,4.795.455.839.373.560,Yellow,M
98,173,Dress,21,31.017.985.541.636.300,Yellow,S
82,174,Jeans,80,33.345.388.723.020.900,Black,M
48,175,Dress,55,19.132.709.342.103.400,Blue,S
59,176,Dress,91,19.981.481.322.231.700,Red,XL
56,177,Sweater,12,4.567.658.316.917.130,Yellow,M
93,178,Jeans,26,16.878.695.946.892.200,Red,XL
54,179,Shoes,53,10.283.230.598.341.900,Blue,M
61,180,T-shirt,43,23.664.472.341.396.000,Green,M
74,181,Shoes,80,4.829.054.628.124.480,Black,L
39,182,Jeans,68,43.589.126.447.175.700,Yellow,L
20,183,Jeans,67,26.752.319.584.021.400,Black,M
67,184,Sweater,67,34.485.275.944.733.200,Green,L
38,185,Sweater,34,15.653.542.085.362.800,Yellow,L
16,186,Jeans,56,2.434.972.507.006.940,Blue,L
81,187,Jeans,36,30.430.092.025.581.100,Green,S
33,188,Shoes,44,4.359.929.898.806.640,Green,XL
55,189,Jeans,15,34.669.204.388.660.200,Blue,L
38,190,Sweater,32,40.330.690.744.184.000,Yellow,XL
48,191,T-shirt,95,323.067.766.700.609,Black,M
35,192,Sweater,87,3.961.569.667.170.700,White,L
8,193,T-shirt,60,2.936.956.138.973.570,White,L
56,194,Sweater,92,37.925.562.440.595.900,White,S
32,195,Shoes,60,33.448.666.838.230.300,White,L
72,196,Jeans,17,1.289.426.341.691.510,Red,M
48,197,Jeans,90,22.990.341.257.073.800,Yellow,XL
3,198,T-shirt,67,30.321.248.414.792.600,Blue,XL
39,199,T-shirt,15,49.806.556.343.987.300,Black,M
75,200,Sweater,45,41.244.272.181.603.300,Black,S
21,201,Jeans,57,4.246.084.616.936.480,Yellow,M
84,202,Sweater,40,34.955.016.049.008.200,Green,S
53,203,Jeans,75,1.876.204.845.276.100,Yellow,S
3,204,T-shirt,81,18.932.431.699.654.800,Black,M
41,205,T-shirt,73,29.765.631.054.892.500,Yellow,XL
64,206,Jeans,56,4.360.464.130.624.940,Yellow,XL
30,207,Sweater,53,27.895.407.951.799.800,Black,M
9,208,Jeans,79,26.711.519.717.692.200,White,M
88,209,Dress,30,10.286.698.782.988.100,Black,XL
36,210,Jeans,42,20.490.395.950.433.900,Yellow,M
6,211,Jeans,50,31.738.270.630.273.900,Green,L
24,212,T-shirt,71,34.395.524.353.488.900,White,S
76,213,Jeans,80,4.860.237.045.131.730,Yellow,XL
59,214,Dress,98,17.939.052.012.347.000,Yellow,XL
49,215,T-shirt,49,36.232.377.142.189.800,Yellow,S
87,216,Shoes,57,38.824.504.946.813.000,White,M
7,217,Sweater,98,1.438.125.731.490.030,Yellow,S
94,218,Sweater,69,30.770.330.657.690.100,Red,M
78,219,Dress,97,19.688.359.670.657.700,Green,S
35,220,T-shirt,42,4.505.382.327.331.910,Blue,L
68,221,T-shirt,49,28.591.785.457.881.400,Black,L
77,222,Dress,36,11.053.187.388.647.300,Yellow,S
33,223,Jeans,73,2.970.808.688.030.990,White,XL
48,224,T-shirt,88,17.486.279.574.238.800,White,L
46,225,Dress,61,16.351.942.155.874.200,Yellow,S
6,226,Sweater,16,24.317.364.818.151.500,Green,XL
44,227,Dress,20,4.144.274.439.239.300,Red,S
66,228,Shoes,15,19.674.155.721.785.600,Green,S
81,229,Shoes,65,18.233.129.054.424.000,Red,XL
96,230,Shoes,82,4.592.905.503.612.740,Black,S
92,231,Dress,33,4.738.404.627.787.540,Red,L
93,232,Jeans,49,14.143.584.997.172.600,Red,S
79,233,Shoes,39,4.706.320.333.423.920,Red,M
64,234,Sweater,55,16.990.521.973.140.900,White,S
61,235,Shoes,50,18.145.301.271.666.100,Green,L
40,236,Shoes,44,17.182.978.589.840.900,White,S
68,237,Shoes,58,36.620.106.291.965.000,White,S
10,238,Shoes,47,2.146.848.905.757.280,White,XL
33,239,Shoes,93,3.956.210.591.357.850,White,L
27,240,Dress,10,22.345.268.528.513.500,Black,L
55,241,Jeans,21,24.049.541.721.748.900,Green,S
72,242,Dress,52,4.128.792.274.336.500,Green,M
88,243,Shoes,79,10.593.185.895.156.300,White,XL
77,244,Sweater,85,34.746.219.003.834.200,Blue,XL
27,245,Dress,15,2.333.669.709.673.070,Black,S
89,246,Jeans,68,3.184.283.802.094.040,Green,S
32,247,Shoes,72,22.601.921.989.303.700,White,S
83,248,Sweater,81,3.616.173.282.778.200,Red,M
34,249,Jeans,41,18.756.187.142.979.100,Black,XL
68,250,Dress,21,27.725.214.471.034.400,Yellow,XL
46,251,Jeans,87,21.932.834.273.658.700,White,L
43,252,Dress,25,1.659.000.334.748.930,Blue,L
65,253,T-shirt,98,423.682.985.311.631,White,M
20,254,Jeans,15,1.393.034.744.449.510,Yellow,L
74,255,T-shirt,81,25.505.193.540.713.800,Green,M
33,256,Jeans,86,20.597.694.144.917.400,Blue,L
38,257,Shoes,82,34.814.092.331.780.300,Red,S
86,258,Dress,14,3.563.482.805.805.450,Yellow,S
44,259,Shoes,27,2.504.419.165.241.350,White,L
34,260,Dress,59,4.154.888.891.923.630,Green,S
50,261,Dress,49,29.810.815.810.545.700,Yellow,S
68,262,Jeans,94,4.288.581.440.201.500,Blue,S
5,263,Jeans,71,4.053.594.853.387.530,Yellow,XL
46,264,Dress,55,31.906.168.836.312.600,White,XL
8,265,T-shirt,60,27.467.303.554.625.900,Blue,XL
51,266,Jeans,62,23.677.625.608.105.100,White,XL
25,267,Jeans,53,44.413.371.188.881.600,Black,S
32,268,Jeans,22,39.395.819.315.667.500,Yellow,L
34,269,Shoes,100,4.743.391.172.218.390,Black,S
3,270,Sweater,60,4.213.088.306.604.580,Blue,XL
76,271,Jeans,45,407.521.625.877.933,Blue,L
43,272,Dress,95,2.311.251.112.941.410,White,M
4,273,Dress,29,17.646.092.540.562.700,White,XL
77,274,Dress,18,16.572.669.608.916.300,Red,S
58,275,Jeans,93,38.094.885.493.690.600,Green,XL
73,276,Jeans,43,1.393.377.272.783.150,Yellow,M
50,277,Dress,49,18.898.813.636.690.300,White,M
4,278,Jeans,98,29.585.049.973.107.200,Black,L
3,279,Shoes,11,2.191.241.877.131.670,Yellow,M
31,280,Dress,19,21.297.317.987.919.600,White,XL
30,281,Jeans,67,22.565.259.336.221.200,Green,S
18,282,Jeans,75,12.665.901.666.885.800,Black,M
95,283,Sweater,80,4.179.828.150.021.960,White,S
78,284,T-shirt,23,38.141.521.537.937.200,Black,S
49,285,Sweater,80,3.704.188.789.710.080,Yellow,L
69,286,T-shirt,13,32.360.642.783.823.700,White,XL
71,287,T-shirt,62,45.371.026.787.297.700,Blue,XL
13,288,Sweater,38,2.108.827.714.388.500,Black,M
88,289,Sweater,18,2.805.553.333.530.070,Blue,M
38,290,Sweater,13,4.883.941.461.573.280,White,S
3,291,Dress,64,4.818.010.098.109.160,White,XL
91,292,T-shirt,63,3.075.503.825.550.360,Green,S
9,293,Sweater,96,27.696.609.053.376.600,Black,XL
4,294,Dress,89,4.092.572.014.583.600,White,XL
39,295,Dress,56,24.245.426.247.424.400,Black,XL
99,296,T-shirt,25,410.023.032.339.017,White,S
30,297,Sweater,14,18.779.895.082.592.100,Blue,XL
4,298,Shoes,14,1.416.317.140.810.030,Red,M
69,299,Shoes,21,29.546.026.555.101.700,Green,S
3,300,Shoes,57,4.923.508.936.133.670,White,S
66,301,Shoes,93,20.449.924.940.500.600,Yellow,M
49,302,T-shirt,37,4.903.871.565.964.990,White,M
11,303,Jeans,94,36.858.621.434.119.500,White,XL
7,304,Dress,85,13.003.985.626.051.700,Green,M
26,305,Shoes,90,2.330.814.131.685.090,White,L
73,306,T-shirt,23,28.006.797.532.519.600,Black,XL
62,307,Dress,11,38.890.222.533.509.700,Yellow,S
42,308,Jeans,60,44.221.600.804.783.500,Yellow,S
37,309,Jeans,17,3.754.996.802.089.690,Black,S
61,310,Jeans,83,39.454.813.487.267.100,White,XL
55,311,Jeans,55,4.803.390.239.313.730,Black,L
41,312,Jeans,45,29.279.375.782.508.600,White,S
97,313,Shoes,76,4.512.074.442.396.950,Green,XL
13,314,Jeans,94,2.062.362.221.473.400,Red,L
90,315,Jeans,56,12.179.554.603.430.900,White,XL
34,316,Jeans,68,20.985.010.170.637.200,Red,S
55,317,Dress,23,4.395.249.784.950.670,Red,XL
88,318,Sweater,49,11.558.698.495.007.400,Yellow,S
39,319,Jeans,61,1.231.913.046.074.920,White,L
25,320,Sweater,86,3.146.928.022.843.710,Yellow,L
34,321,Shoes,40,4.452.209.683.354.280,Red,S
58,322,Shoes,18,17.072.254.279.225.700,Red,M
30,323,Shoes,95,23.261.684.524.169.700,Green,M
3,324,Sweater,18,4.530.634.427.162.860,Black,XL
67,325,T-shirt,91,26.680.892.078.074.700,Black,XL
7,326,Jeans,20,33.138.697.518.070.700,Green,L
95,327,Dress,72,4.572.943.412.760.790,White,L
34,328,Jeans,12,12.953.162.144.142.500,Blue,L
49,329,Jeans,56,3.736.030.130.388.540,Blue,XL
15,330,T-shirt,26,2.137.827.815.116.150,Blue,M
61,331,T-shirt,25,32.729.014.263.305.300,Black,S
25,332,Shoes,75,3.149.412.945.567.450,Blue,M
60,333,Dress,70,20.424.289.871.919.400,Yellow,M
80,334,Sweater,16,1.855.252.274.126.110,Yellow,L
25,335,Sweater,88,33.966.615.634.688.700,Red,XL
71,336,T-shirt,28,4.169.716.342.983.270,White,XL
1,337,Shoes,80,1.591.559.597.927.790,White,L
22,338,Sweater,70,14.441.987.043.717.100,Blue,S
46,339,Dress,74,18.040.174.178.378.000,White,M
52,340,Sweater,32,124.647.151.363.249,Blue,L
27,341,Jeans,91,4.473.672.898.105.130,Red,XL
69,342,Sweater,27,39.797.174.272.472.900,Yellow,S
29,343,T-shirt,91,4.742.029.060.404.380,Yellow,XL
42,344,Dress,44,3.873.916.154.990.270,Blue,L
97,345,Shoes,67,1.420.409.071.311.110,Yellow,S
62,346,Jeans,19,4.829.417.307.054.630,Yellow,XL
76,347,Dress,18,11.105.108.476.178.800,Blue,XL
52,348,Shoes,76,29.157.420.591.034.100,Blue,XL
36,349,Dress,97,3.150.290.195.689.500,White,XL
50,350,Jeans,80,2.797.018.295.763.920,Black,XL
52,351,Jeans,95,4.471.219.774.888.290,Red,XL
41,352,Dress,71,15.032.919.398.927.600,Green,XL
87,353,Sweater,78,29.122.221.673.458.900,Blue,M
7,354,Dress,74,38.646.659.172.649.100,Red,M
59,355,Sweater,43,24.895.505.808.124.100,Red,XL
93,356,Dress,68,4.330.070.804.344.960,Black,S
89,357,T-shirt,15,34.120.012.288.399.100,Yellow,L
66,358,Shoes,55,11.749.526.479.520.200,Blue,XL
55,359,Dress,68,4.449.500.337.752.410,Red,L
42,360,Sweater,24,2.257.292.487.112.440,Black,XL
78,361,Sweater,62,1.760.450.533.742.440,Blue,XL
22,362,Jeans,15,12.812.930.533.569.900,Red,S
72,363,Jeans,33,31.428.849.870.669.900,Yellow,L
60,364,Jeans,65,20.404.569.623.668.400,Black,M
92,365,T-shirt,16,3.282.472.036.892.720,White,L
7,366,Dress,29,4.153.341.475.721.540,Yellow,L
17,367,Shoes,31,27.106.654.151.082.000,Yellow,S
60,368,Shoes,35,1.541.757.712.023.370,Blue,XL
62,369,Shoes,96,37.951.075.822.182.200,Green,M
75,370,T-shirt,58,26.342.443.123.316.800,White,S
65,371,Dress,33,10.810.982.815.671.200,White,XL
63,372,Dress,41,18.439.193.609.858.400,White,S
87,373,T-shirt,63,31.531.428.229.983.500,Green,M
23,374,Jeans,20,14.740.252.153.688.400,Black,S
68,375,Jeans,49,4.268.766.181.323.490,Blue,XL
16,376,Shoes,22,38.331.598.142.926.500,Green,S
33,377,Shoes,54,3.722.545.456.144.450,Black,L
55,378,T-shirt,45,35.712.699.533.249.100,Red,S
89,379,Jeans,25,36.375.529.027.327.600,White,M
73,380,Dress,23,12.041.756.259.931.800,Red,XL
32,381,Shoes,23,3.324.489.276.111.080,Green,S
97,382,T-shirt,93,3.584.985.286.068.860,Yellow,M
32,383,Jeans,86,25.338.537.961.633.800,Black,L
90,384,Sweater,84,14.619.140.427.922.700,Black,L
74,385,Shoes,35,36.667.200.515.347.100,Yellow,L
27,386,Dress,17,35.783.539.485.125.100,Yellow,XL
52,387,Dress,24,11.699.527.477.743.600,Green,XL
7,388,T-shirt,86,4.117.232.750.059.590,Green,M
51,389,T-shirt,91,1.547.099.791.359.090,White,XL
89,390,Sweater,86,4.448.025.481.894.300,Green,M
66,391,Dress,25,38.281.848.127.805.800,Blue,M
73,392,T-shirt,53,2.814.820.300.461.840,White,S
19,393,Shoes,32,17.522.184.719.051.300,Black,M
77,394,T-shirt,56,35.320.189.512.362.100,Yellow,M
90,395,Shoes,14,25.907.494.190.256.400,Yellow,M
33,396,Shoes,74,2.865.913.132.404.480,Blue,M
100,397,Shoes,94,15.739.434.983.982.100,White,XL
39,398,T-shirt,16,21.909.533.321.531.800,White,M
36,399,Dress,37,26.298.403.002.831.800,Yellow,L
95,400,Jeans,91,24.347.381.893.772.600,Green,S
41,401,Jeans,93,4.636.617.389.662.890,Green,S
10,402,Shoes,30,15.036.793.599.233.100,Yellow,M
83,403,Shoes,61,34.857.480.490.953.000,Red,S
37,404,Shoes,71,293.889.156.216.477,Green,M
61,405,Jeans,30,267.999.252.851.008,Blue,S
89,406,Shoes,54,17.513.915.812.972.500,Black,L
50,407,Shoes,78,35.821.012.773.746.900,White,XL
54,408,Sweater,62,2.984.203.036.362.430,White,L
28,409,Shoes,26,20.108.991.958.330.400,Red,S
48,410,Jeans,64,4.723.107.547.783.870,Green,XL
35,411,Sweater,67,32.636.472.587.364.800,Red,M
66,412,Shoes,63,3.402.409.929.588.450,Black,XL
18,413,Jeans,21,4.849.343.339.346.470,Green,XL
13,414,Dress,63,2.175.163.961.532.830,Black,XL
22,415,Jeans,41,27.288.765.346.091.500,Yellow,L
30,416,Sweater,92,32.515.158.407.055.500,Blue,S
58,417,Shoes,88,28.468.915.044.211.000,Red,S
82,418,Jeans,34,4.986.091.107.444.630,Blue,S
44,419,T-shirt,72,330.257.564.858.351,Yellow,L
79,420,Jeans,81,4.720.487.413.126.930,White,M
18,421,T-shirt,89,16.541.333.315.922.500,White,M
79,422,Dress,20,21.155.797.847.759.000,Blue,S
56,423,Jeans,83,4.502.435.021.051.870,Black,M
52,424,Shoes,45,3.055.542.338.244.520,Yellow,M
100,425,Jeans,96,38.120.856.705.559.900,Blue,XL
11,426,Jeans,48,4.644.768.214.952.780,Black,L
8,427,T-shirt,15,4.717.963.172.509.230,Yellow,XL
80,428,T-shirt,34,1.904.094.939.025.000,Green,M
57,429,Shoes,94,3.828.901.926.592.880,Black,XL
72,430,T-shirt,92,27.719.447.209.996.900,Black,S
46,431,Jeans,18,26.213.904.863.913.200,Green,S
7,432,Jeans,55,22.386.216.273.604.500,Blue,L
10,433,Jeans,59,387.845.410.972.745,Yellow,M
44,434,T-shirt,22,17.056.582.064.104.300,Yellow,M
46,435,T-shirt,47,2.722.706.085.435.660,Blue,XL
27,436,T-shirt,99,2.822.618.310.932.880,Black,XL
9,437,Shoes,96,3.129.701.670.696.800,Green,XL
89,438,T-shirt,86,4.685.958.151.653.460,Yellow,XL
71,439,Jeans,20,25.740.779.792.568.600,White,XL
49,440,Dress,83,4.720.335.237.515.360,White,L
47,441,Sweater,50,18.416.056.192.273.200,Black,XL
88,442,T-shirt,74,3.907.727.442.310.220,Red,S
37,443,Sweater,11,3.021.282.847.461.630,White,L
84,444,Dress,31,15.645.708.175.729.300,White,XL
38,445,Sweater,74,4.199.138.753.626.610,Yellow,L
18,446,Shoes,91,1.129.824.851.276.770,Black,L
84,447,Shoes,27,4.730.448.148.414.890,Yellow,XL
75,448,Shoes,53,21.448.474.190.296,Green,M
5,449,Shoes,82,4.547.042.541.741.290,Black,XL
92,450,Shoes,59,4.326.285.345.176.910,Black,XL
42,451,T-shirt,69,2.978.109.187.043.200,Green,XL
43,452,Jeans,11,3.702.569.195.096.640,Green,XL
30,453,Shoes,34,25.738.015.876.842.400,Red,S
50,454,Shoes,47,36.658.025.844.577.600,White,L
58,455,T-shirt,51,1.290.974.737.347.240,Blue,M
93,456,Shoes,14,4.435.460.757.041.120,Blue,M
70,457,Jeans,36,15.959.817.015.914.400,Green,M
20,458,T-shirt,18,11.844.500.332.003.200,Black,L
52,459,Dress,10,2.342.762.727.934.470,Black,S
39,460,Jeans,94,2.582.289.276.418.050,Black,L
43,461,Shoes,93,10.301.270.335.362.400,Red,M
65,462,Dress,34,20.298.203.635.780.100,Yellow,M
24,463,Dress,25,31.823.244.494.605.300,Blue,M
53,464,Shoes,74,13.621.575.462.332.000,Green,L
1,465,T-shirt,17,1.202.302.846.194.360,White,M
30,466,Sweater,37,106.447.859.153.281,Black,L
13,467,Jeans,69,17.953.435.567.661.800,Red,L
40,468,Dress,38,13.147.615.277.086.100,White,S
83,469,Dress,95,4.906.295.819.601.030,Yellow,XL
76,470,T-shirt,34,4.638.343.236.370.080,Blue,S
38,471,T-shirt,96,23.192.924.301.788.500,Black,M
11,472,Jeans,67,3.482.992.747.973.890,Green,L
98,473,Dress,51,16.885.095.349.101.400,Red,S
79,474,Dress,68,13.706.615.422.107.100,Yellow,L
73,475,Sweater,69,40.741.937.037.699.300,Yellow,S
14,476,Shoes,70,4.077.371.639.485.590,White,XL
100,477,Sweater,30,1.559.270.898.129.540,Black,S
77,478,T-shirt,12,1.342.996.211.976.290,Green,L
1,479,Sweater,51,11.975.723.059.826.100,Green,XL
9,480,Dress,70,179.272.710.809.258,Blue,XL
52,481,Jeans,24,1.671.659.400.944.890,Blue,XL
85,482,Dress,97,357.821.856.011.162,Yellow,M
86,483,T-shirt,75,2.651.376.556.909.940,Black,XL
92,484,Sweater,47,2.124.746.600.420.970,Red,XL
54,485,Dress,70,26.381.295.770.145.000,Black,S
69,486,Jeans,69,1.202.709.784.321.430,Yellow,L
21,487,T-shirt,62,369.895.031.182.018,Blue,XL
30,488,Sweater,81,11.949.983.487.801.700,Yellow,XL
45,489,Dress,37,35.606.684.393.497.200,Black,M
12,490,T-shirt,41,19.797.044.022.936.900,Green,L
55,491,Dress,42,3.122.132.854.612.720,Black,M
30,492,Sweater,69,1.378.184.911.447.910,Blue,M
57,493,Shoes,88,3.126.248.292.620.180,White,XL
54,494,Sweater,82,4.680.935.629.078.740,Green,M
14,495,Jeans,78,11.296.540.071.029.800,Blue,S
92,496,T-shirt,59,17.276.955.895.208.100,Green,L
88,497,Jeans,30,3.697.727.095.901.650,Yellow,M
50,498,Dress,59,29.859.824.140.897.100,Yellow,XL
60,499,Dress,93,26.014.024.743.552.000,White,L
36,500,Shoes,88,17.044.395.201.145.300,Red,M
20,501,Sweater,41,4.322.167.156.198.150,Green,S
61,502,Dress,33,4.987.964.320.970.840,Blue,M
84,503,Sweater,16,4.534.499.079.292.970,White,XL
70,504,Sweater,22,2.096.109.251.633.720,Black,XL
24,505,Dress,75,17.297.821.493.407.000,Black,S
47,506,Shoes,51,3.983.456.227.013.780,Blue,M
37,507,T-shirt,85,4.056.667.234.732.920,White,XL
72,508,Dress,25,4.459.064.432.526.450,Blue,M
95,509,Dress,28,19.577.097.618.973.300,Blue,L
9,510,Shoes,60,3.108.177.745.483.720,Green,L
52,511,Jeans,78,293.007.161.400.505,Black,S
71,512,Shoes,92,23.623.678.502.610.700,Blue,S
7,513,Jeans,65,4.061.790.921.507.690,Green,M
27,514,Dress,47,3.432.789.513.884.910,White,M
1,515,Dress,64,3.748.936.698.427.990,White,S
51,516,Shoes,33,16.041.588.640.383.000,Red,S
29,517,T-shirt,74,28.489.694.583.537.900,Blue,M
87,518,Sweater,56,2.580.412.062.121.990,Yellow,S
28,519,Sweater,29,3.475.022.400.933.670,Blue,XL
8,520,Dress,13,3.070.483.461.986.020,Red,L
90,521,T-shirt,19,3.256.780.571.680.530,White,M
24,522,Sweater,80,29.390.797.234.183.000,Yellow,S
82,523,Sweater,71,12.247.699.594.971.800,Black,S
51,524,T-shirt,47,19.344.500.176.750.300,Black,S
72,525,T-shirt,58,2.443.379.935.979.900,Blue,M
36,526,Jeans,70,29.296.883.485.274.900,Red,L
12,527,T-shirt,31,414.779.066.270.218,Yellow,M
98,528,Shoes,33,27.147.621.741.886.000,Black,M
77,529,Shoes,59,1.995.143.535.362.480,White,L
7,530,Shoes,71,33.564.104.018.035.800,Black,M
50,531,Dress,45,28.930.977.062.148.800,Green,L
32,532,Shoes,21,2.066.029.253.582.320,Blue,L
12,533,Shoes,11,4.825.169.004.349.860,Green,S
40,534,Dress,94,4.508.485.512.596.060,Yellow,M
24,535,Jeans,87,1.204.241.994.898.240,Red,L
82,536,Dress,18,33.474.610.739.217.200,Yellow,S
41,537,Jeans,68,24.059.670.706.428.200,Red,M
11,538,Dress,94,23.695.275.455.416.100,Blue,M
26,539,T-shirt,10,310.162.343.410.321,Blue,L
26,540,Jeans,80,11.656.149.909.013.900,Yellow,M
48,541,Jeans,17,21.369.267.270.918.900,Green,S
35,542,Dress,92,4.022.021.188.026.610,Red,S
15,543,Jeans,86,4.165.312.333.327.830,Yellow,M
54,544,T-shirt,77,3.556.866.321.338.180,Red,L
68,545,Shoes,82,2.004.271.238.180.010,Red,XL
6,546,Shoes,93,13.562.617.808.119.000,Red,L
6,547,Sweater,89,2.544.323.557.095.190,Yellow,XL
79,548,Sweater,65,14.929.925.625.271.200,Red,M
11,549,Dress,96,4.283.951.139.983.330,Blue,XL
57,550,T-shirt,69,29.282.577.428.168.100,Yellow,L
49,551,Jeans,83,4.073.676.651.771.990,Blue,M
2,552,Sweater,50,4.480.168.912.504.210,Blue,M
10,553,Shoes,90,11.984.941.197.654.500,Green,XL
11,554,Sweater,51,4.096.963.788.638.650,Blue,L
21,555,T-shirt,67,39.360.871.086.803.600,Blue,L
26,556,T-shirt,39,2.600.749.075.535.830,Red,L
45,557,Shoes,85,15.020.219.983.988.000,Black,M
2,558,Jeans,23,20.266.822.697.055.700,Red,XL
6,559,Shoes,10,4.233.459.275.828.350,Red,XL
31,560,Dress,99,1.002.064.068.673.560,Red,XL
65,561,Shoes,96,39.684.563.446.753.700,Yellow,M
37,562,T-shirt,29,4.440.105.990.803.630,Green,L
44,563,Shoes,39,4.043.087.202.994.660,Blue,XL
70,564,Shoes,31,4.563.265.489.529.810,Blue,M
13,565,Sweater,11,25.928.850.494.829.100,White,L
100,566,Dress,80,4.024.158.908.237.740,White,M
27,567,Dress,96,12.067.229.460.310.700,Black,M
61,568,Sweater,20,3.492.861.270.836.570,Red,L
92,569,Dress,55,4.239.391.099.321.930,Blue,XL
4,570,T-shirt,54,1.452.466.381.841.040,Black,S
23,571,Jeans,23,26.192.183.691.043.200,Red,M
17,572,Sweater,63,4.051.564.760.911.640,Blue,S
80,573,Shoes,78,3.401.509.067.928.130,White,L
9,574,Jeans,92,4.491.894.014.291.020,Black,L
99,575,T-shirt,72,4.755.480.007.672.840,White,L
76,576,T-shirt,26,3.089.887.684.926.290,White,S
41,577,T-shirt,66,21.606.955.120.415.200,White,M
65,578,Dress,48,3.121.693.130.994.280,Green,L
26,579,Shoes,57,4.985.949.918.767.770,White,XL
38,580,Shoes,92,2.494.203.848.358.380,Green,S
65,581,Sweater,83,4.715.188.838.618.060,Red,L
24,582,Dress,70,22.431.035.471.118.300,White,M
96,583,Dress,64,4.454.992.310.265.400,Green,L
71,584,T-shirt,17,263.550.072.139.775,Black,S
6,585,Jeans,68,35.916.888.409.866.700,Yellow,M
38,586,Sweater,99,22.800.763.889.264.300,Yellow,M
41,587,T-shirt,50,12.529.617.272.688.500,Blue,XL
46,588,T-shirt,24,34.112.877.320.238.200,White,S
71,589,T-shirt,99,10.242.497.517.145.500,Red,L
56,590,T-shirt,65,24.293.298.390.384.200,Green,L
61,591,Jeans,97,2.036.236.384.768.320,White,M
29,592,Jeans,47,17.590.751.533.021.200,Yellow,M
97,593,Sweater,89,31.455.191.481.223.000,White,S
97,594,Sweater,86,3.842.198.105.236.460,Yellow,S
53,595,T-shirt,96,3.633.088.055.124.000,Blue,S
9,596,Dress,35,3.939.543.887.889.840,Black,L
95,597,Jeans,38,32.439.759.020.490.400,Blue,M
79,598,Shoes,77,14.264.405.009.787.100,Yellow,XL
52,599,T-shirt,80,446.590.120.785.099,Green,S
40,600,T-shirt,97,14.973.990.159.023.300,Yellow,M
80,601,Dress,44,10.347.072.487.833.000,White,L
7,602,Sweater,11,434.286.438.934.025,White,L
26,603,Dress,13,203.098.840.339.048,Black,S
74,604,T-shirt,10,39.765.006.942.974.300,Yellow,S
92,605,Jeans,62,2.901.295.957.009.730,Red,S
35,606,Dress,28,4.214.703.599.908.890,White,S
40,607,T-shirt,55,11.788.030.981.565.600,Yellow,S
90,608,T-shirt,51,27.110.812.194.367.900,Blue,M
89,609,Sweater,75,47.855.252.407.598.600,Red,S
85,610,Shoes,62,25.328.562.118.891.800,Green,M
2,611,Shoes,85,2.032.281.097.179.500,White,L
28,612,Shoes,27,2.269.794.298.996.210,Blue,XL
80,613,Jeans,37,4.652.599.021.987.500,Black,XL
89,614,Sweater,47,1.350.981.011.154.580,Green,L
44,615,T-shirt,67,28.944.502.999.214.700,Red,L
80,616,Dress,98,4.871.838.867.222.290,Red,M
19,617,Jeans,77,17.026.116.692.394.000,Black,XL
51,618,Shoes,85,4.728.247.063.334.170,Green,L
10,619,T-shirt,97,12.884.443.396.800.700,Blue,M
68,620,Sweater,37,34.621.543.782.315.500,White,XL
17,621,Shoes,72,26.500.838.926.647.900,Yellow,S
30,622,T-shirt,45,37.846.314.135.843.200,Red,XL
67,623,Shoes,62,16.105.051.313.860.900,Green,L
83,624,T-shirt,70,4.450.171.664.877.930,White,L
75,625,Shoes,78,34.525.323.674.615.700,Black,L
44,626,Jeans,29,418.033.034.240.844,Yellow,S
61,627,T-shirt,94,18.716.496.105.038.900,Green,M
93,628,Sweater,64,38.126.764.367.057.800,Red,S
80,629,Shoes,95,35.793.200.919.655.500,White,M
74,630,T-shirt,84,16.614.612.903.928.900,White,XL
65,631,T-shirt,32,4.197.234.004.324.760,White,S
64,632,Dress,66,3.755.337.679.891.100,Yellow,M
73,633,Dress,72,3.751.515.852.459.190,Red,L
9,634,Shoes,27,12.952.964.188.326.400,Yellow,S
34,635,Jeans,29,22.350.569.966.689.200,Yellow,XL
10,636,Shoes,96,46.022.106.490.577.800,Yellow,L
33,637,Shoes,55,3.770.055.014.681.930,Green,S
7,638,Sweater,22,49.052.804.605.304.600,White,M
22,639,Shoes,26,35.524.714.785.499.500,Blue,L
11,640,T-shirt,72,27.514.166.708.130.200,Red,S
10,641,Shoes,20,1.985.714.887.523.940,White,M
75,642,T-shirt,22,4.965.199.288.819.950,Black,S
63,643,T-shirt,42,462.809.881.985.902,Black,L
64,644,Shoes,79,10.745.667.225.897.500,White,M
46,645,T-shirt,98,4.696.076.856.201.790,Black,S
36,646,Sweater,36,28.142.334.990.659.700,Green,M
25,647,Shoes,60,16.159.672.371.990.200,Black,M
74,648,T-shirt,20,3.260.638.818.293.490,White,L
82,649,T-shirt,76,24.414.806.576.875.700,Red,S
22,650,Dress,99,43.090.895.745.756.100,Green,M
35,651,Shoes,16,10.050.871.518.547.500,Yellow,XL
8,652,Jeans,74,10.625.071.762.655.900,Yellow,L
65,653,Dress,17,4.811.990.498.153.580,Red,L
34,654,Shoes,42,4.276.502.785.887.210,Blue,S
6,655,T-shirt,33,19.993.123.102.666.200,Black,S
67,656,Jeans,79,4.660.541.004.440.310,White,M
36,657,Jeans,87,20.975.454.829.088.900,Yellow,L
60,658,Jeans,40,3.252.305.172.159.590,Green,L
97,659,Shoes,21,1.024.989.525.670.200,White,M
11,660,Dress,41,2.689.886.463.072.130,Blue,S
30,661,Jeans,71,15.336.121.410.042.900,Blue,XL
4,662,Dress,14,34.567.401.113.945.500,Black,S
17,663,Sweater,52,11.949.642.031.700.600,Black,L
33,664,Shoes,28,4.464.839.094.994.940,White,L
89,665,T-shirt,25,31.717.470.470.668.900,Red,S
37,666,T-shirt,76,19.389.626.420.919.200,Black,S
49,667,Shoes,64,10.982.353.157.898.800,Blue,XL
77,668,Shoes,11,18.422.788.671.618.300,White,S
100,669,Shoes,66,292.974.159.743.459,White,L
48,670,T-shirt,55,4.268.877.637.646.990,Yellow,M
8,671,Dress,16,3.234.874.806.884.240,Blue,L
31,672,Sweater,93,29.582.628.217.520.100,Blue,M
79,673,T-shirt,83,31.840.131.431.574.200,Yellow,M
2,674,Shoes,72,1.947.337.779.231.860,Green,L
11,675,Sweater,29,13.981.317.924.093.700,Green,XL
25,676,Shoes,11,27.794.240.447.717.000,Black,L
74,677,Shoes,68,4.565.208.378.666.070,Blue,L
11,678,Dress,85,28.629.809.334.068.200,Black,L
99,679,Jeans,19,1.179.131.481.313.550,Yellow,L
5,680,Dress,55,4.049.538.098.056.260,Red,XL
59,681,Shoes,24,3.809.658.143.846.290,Black,L
13,682,Jeans,52,4.351.322.209.527.120,Blue,XL
75,683,Jeans,31,24.103.074.868.321.700,White,XL
31,684,Dress,12,39.413.154.716.573.700,White,S
37,685,Jeans,19,1.269.435.004.559.400,White,M
9,686,Jeans,75,29.465.056.423.202.800,Green,M
35,687,Sweater,74,4.174.085.420.293.040,Blue,L
19,688,Sweater,91,13.736.199.668.115.400,White,XL
5,689,Jeans,32,3.221.341.779.752.770,Black,L
11,690,Jeans,34,2.152.949.486.013.700,White,L
38,691,T-shirt,13,32.684.278.173.110.400,Blue,XL
91,692,Dress,39,470.535.477.909.077,Red,XL
44,693,Shoes,62,25.543.032.033.922.000,Green,L
98,694,T-shirt,51,20.500.639.939.058.300,Red,L
45,695,Dress,78,4.734.713.083.950.370,Red,XL
81,696,Sweater,39,45.927.665.608.080.100,Green,XL
61,697,T-shirt,99,4.804.098.158.293.210,Green,L
82,698,Sweater,85,18.043.967.645.785.400,White,XL
52,699,T-shirt,50,16.536.231.320.458.200,Green,S
96,700,Dress,78,48.246.492.753.207,Yellow,S
34,701,Jeans,17,2.258.849.244.950.660,Blue,XL
46,702,Shoes,58,4.794.781.603.103.960,Blue,L
27,703,Shoes,21,34.251.803.311.051.300,Blue,S
6,704,T-shirt,38,49.796.782.936.579.300,Green,M
32,705,Dress,67,21.969.046.712.990.100,Black,L
91,706,Jeans,69,10.500.462.578.370.500,Green,S
100,707,Dress,68,4.295.812.637.312.630,Green,M
17,708,T-shirt,76,4.448.919.722.567.990,Black,M
57,709,T-shirt,53,1.683.155.281.482.570,White,XL
50,710,Sweater,58,21.690.901.308.446.600,Red,S
37,711,Jeans,34,34.839.397.351.205.100,Red,M
76,712,Shoes,100,4.610.941.929.179.470,Green,S
25,713,Jeans,75,444.012.016.300.772,Blue,XL
91,714,Shoes,35,24.914.951.406.785.800,White,S
48,715,Shoes,84,4.868.671.075.928.110,Yellow,L
11,716,Shoes,68,39.283.382.928.868.300,Red,S
8,717,Sweater,34,422.690.922.306.324,Yellow,M
73,718,T-shirt,30,1.373.331.833.878.390,White,L
59,719,Dress,34,19.399.615.985.868.600,Blue,M
97,720,Shoes,27,2.573.743.469.300.900,Black,S
42,721,Shoes,77,22.061.699.390.445.600,Blue,M
78,722,Dress,73,39.579.915.106.733.100,Blue,L
55,723,T-shirt,97,1.109.084.447.881.030,White,S
82,724,Shoes,57,316.532.405.890.063,Yellow,S
87,725,Jeans,12,38.051.212.257.285.900,Black,XL
40,726,T-shirt,10,32.062.574.418.554.900,Red,XL
72,727,Jeans,11,4.420.346.267.104.070,White,S
95,728,Dress,63,2.409.415.897.427.330,Yellow,S
26,729,Sweater,10,27.286.888.209.350.700,Yellow,XL
72,730,Jeans,68,16.073.116.824.226.300,Green,M
20,731,Sweater,62,4.898.212.137.949.790,White,XL
48,732,Shoes,28,26.450.588.124.304.900,Blue,S
89,733,Sweater,75,4.891.155.555.210.270,Black,M
89,734,Dress,80,15.925.635.946.790.100,Blue,XL
65,735,Sweater,28,3.902.509.392.279.670,Yellow,L
11,736,T-shirt,94,27.616.943.109.060.900,White,L
20,737,T-shirt,78,11.267.956.152.974.900,Blue,S
30,738,Jeans,100,10.338.431.929.963.600,Blue,L
24,739,Sweater,80,12.308.176.117.373.900,Red,M
68,740,Dress,72,36.911.349.613.556.000,White,XL
49,741,Shoes,81,33.868.368.182.647.800,Blue,XL
54,742,Dress,85,34.628.026.111.593.200,Yellow,L
15,743,Jeans,55,1.729.135.622.303.730,Red,XL
21,744,Shoes,97,2.999.073.582.628.460,Black,XL
73,745,Sweater,40,3.753.972.994.332.560,Blue,L
13,746,Shoes,21,12.506.412.464.341.600,Black,S
37,747,Jeans,73,141.973.993.323.154,White,XL
87,748,Sweater,45,3.346.345.375.193.640,Red,S
31,749,Shoes,43,2.386.806.405.486.630,Black,L
71,750,Shoes,57,37.275.939.913.548.700,Red,L
65,751,Jeans,72,20.975.251.732.194.600,Blue,S
14,752,Dress,72,19.733.009.657.894.200,Blue,L
17,753,Jeans,86,42.090.982.166.451.600,Yellow,S
63,754,Jeans,79,18.938.237.440.768.100,Red,L
99,755,T-shirt,90,34.672.099.396.707.800,White,S
37,756,Jeans,34,1.669.924.032.380.520,Black,XL
66,757,Shoes,61,4.188.203.485.333.440,Black,L
32,758,Jeans,51,4.222.293.805.556.810,Green,M
39,759,Shoes,65,18.292.858.750.432.100,Black,S
35,760,Jeans,57,3.458.410.207.272.510,Green,S
86,761,Dress,92,3.643.455.853.546.420,Black,L
8,762,Jeans,50,38.043.586.435.245.100,Blue,XL
71,763,T-shirt,25,20.855.466.420.967.700,Green,S
10,764,Dress,30,20.614.920.730.034.700,Black,M
25,765,Sweater,86,4.826.714.567.008.190,Blue,S
25,766,Jeans,40,4.461.908.067.214.150,Green,M
83,767,Shoes,72,4.630.137.819.988.410,Yellow,L
12,768,Shoes,95,4.599.817.817.388.380,White,M
71,769,Sweater,28,447.617.222.178.992,White,S
93,770,T-shirt,14,4.680.516.842.481.240,Yellow,S
71,771,T-shirt,82,15.658.426.086.441.100,Red,XL
34,772,Shoes,24,4.773.680.198.551.210,Black,XL
70,773,Shoes,74,25.048.761.629.214.100,Black,XL
74,774,Dress,94,29.773.552.563.375.300,White,L
39,775,Dress,60,32.011.460.725.396.300,White,M
73,776,Dress,86,221.938.430.393.718,Red,M
40,777,Jeans,88,17.981.290.963.364.300,Green,M
25,778,Dress,80,3.975.467.677.830.070,White,L
98,779,Jeans,94,37.260.358.743.068.200,Yellow,XL
46,780,T-shirt,89,17.214.787.839.333.900,Blue,XL
83,781,Sweater,85,4.828.402.784.929.450,Green,L
23,782,T-shirt,31,19.480.869.398.705.100,White,M
76,783,Jeans,59,2.197.254.325.025.510,Red,S
95,784,Sweater,46,30.739.062.223.182.800,White,M
77,785,T-shirt,57,12.698.340.276.554.700,Red,S
65,786,T-shirt,73,3.958.356.667.730.020,White,L
91,787,Dress,96,3.255.146.989.828.640,Blue,XL
34,788,Jeans,74,31.438.729.248.635.900,Red,S
22,789,Jeans,99,251.420.491.178.642,Yellow,XL
31,790,Shoes,34,10.985.673.797.241.800,Red,S
73,791,Jeans,58,3.648.417.121.296.500,Green,L
88,792,Sweater,88,4.645.175.946.919.390,Yellow,XL
28,793,T-shirt,82,13.204.700.723.008.600,Black,XL
9,794,Jeans,68,4.293.960.350.544.230,Black,M
2,795,Jeans,30,14.819.665.724.485.200,Black,S
3,796,Jeans,86,1.856.397.460.211.850,Black,M
68,797,Sweater,62,1.117.533.503.515.240,Red,XL
28,798,Jeans,75,17.967.267.212.576.000,Blue,M
48,799,Shoes,20,23.278.871.226.154.000,Yellow,XL
61,800,T-shirt,38,4.782.806.321.628.210,Red,S
33,801,Jeans,39,3.513.026.866.310.330,Black,XL
66,802,Shoes,26,26.429.528.634.451.500,Green,XL
56,803,Sweater,13,16.154.252.144.956.200,Blue,XL
66,804,T-shirt,91,26.307.266.412.853.300,Black,M
53,805,Dress,84,33.897.458.628.353.400,Blue,XL
100,806,Jeans,11,37.786.305.270.389.200,Green,L
74,807,Jeans,31,2.003.227.448.848.980,Blue,S
20,808,T-shirt,26,4.324.805.158.780.100,Yellow,L
5,809,Jeans,22,31.425.952.778.540.400,White,XL
31,810,Jeans,39,10.669.133.706.371.600,Black,M
9,811,Jeans,63,18.430.967.807.499.400,White,M
9,812,Dress,23,11.767.334.992.926.100,Blue,M
42,813,Sweater,97,30.508.326.297.176.000,Blue,M
62,814,Sweater,48,27.959.801.706.610.900,Yellow,XL
78,815,Sweater,16,3.127.369.463.710.590,Black,S
24,816,Jeans,86,109.083.862.383.619,Blue,XL
51,817,T-shirt,15,11.605.006.718.708.600,Black,XL
42,818,Dress,36,402.293.820.181.525,Blue,L
45,819,T-shirt,41,3.443.916.707.036.090,White,XL
91,820,T-shirt,49,3.159.661.540.408.290,White,L
65,821,Dress,30,36.377.439.313.698.300,Blue,XL
75,822,T-shirt,48,4.743.995.465.955.000,Green,XL
65,823,T-shirt,77,2.883.007.250.473.130,White,L
3,824,Shoes,17,1.080.282.826.533.860,White,L
32,825,T-shirt,12,18.513.957.128.994.600,White,M
35,826,Shoes,92,4.775.265.822.835.170,Red,S
13,827,Shoes,92,17.803.086.713.602.000,Red,XL
94,828,Sweater,29,4.401.707.974.274.550,Green,S
18,829,Dress,19,42.570.846.480.415.500,Black,XL
94,830,Jeans,54,3.729.791.859.161.860,Green,S
19,831,Jeans,37,25.483.012.287.895.200,Black,S
96,832,Jeans,87,23.573.407.480.614.700,Blue,L
70,833,Sweater,82,11.000.558.840.751.000,Yellow,L
99,834,Shoes,98,37.763.247.617.105.700,Yellow,S
15,835,T-shirt,84,28.910.926.350.514.200,Yellow,XL
93,836,Jeans,21,424.899.805.965.906,White,L
59,837,Shoes,50,2.406.013.133.937.440,Black,M
33,838,Jeans,60,26.772.891.068.056.300,Blue,S
26,839,Dress,68,2.655.170.363.155.880,Blue,S
73,840,Shoes,84,3.154.720.588.404.740,Red,S
56,841,Dress,37,30.051.642.079.844.700,Blue,M
59,842,Jeans,44,30.622.732.805.232.700,White,XL
52,843,Shoes,91,27.230.129.635.792.800,Red,M
1,844,Sweater,11,28.851.093.739.325.200,Blue,M
66,845,Sweater,92,21.024.246.005.977.300,Green,M
82,846,T-shirt,26,4.304.919.133.983.490,Yellow,M
88,847,T-shirt,10,13.749.819.296.285.300,Green,S
78,848,Shoes,31,3.763.596.384.540.630,White,L
14,849,Dress,60,36.429.906.907.382.900,Green,S
2,850,T-shirt,73,1.270.582.725.054.250,Yellow,L
24,851,Jeans,46,2.685.204.468.362.610,Yellow,XL
38,852,Jeans,83,30.112.484.967.640.600,Red,XL
5,853,Dress,20,30.097.729.483.212.000,Green,L
72,854,T-shirt,83,3.709.391.012.428.480,Green,M
96,855,Jeans,88,19.022.367.224.903.800,Red,L
55,856,Jeans,93,18.010.346.338.961.600,Green,XL
37,857,Dress,93,4.350.896.543.360.720,Blue,M
64,858,T-shirt,96,4.451.841.228.617.940,Yellow,M
48,859,T-shirt,44,14.002.166.758.874.700,Red,L
75,860,Dress,43,4.027.847.421.729.140,Blue,S
60,861,Shoes,98,4.660.135.925.497.210,White,XL
61,862,Sweater,14,157.892.056.272.944,Blue,S
49,863,Shoes,99,14.330.252.244.999.700,Red,S
22,864,Sweater,48,39.409.459.682.084.500,Yellow,L
54,865,Jeans,80,16.728.649.930.714.900,Yellow,M
89,866,Shoes,66,4.550.095.005.978.120,White,S
3,867,Jeans,90,4.235.108.869.512.080,Black,S
84,868,Sweater,72,39.294.719.588.990.800,Red,L
98,869,Jeans,100,1.839.078.604.510.100,Black,XL
100,870,Jeans,26,27.080.091.380.488.700,Yellow,S
56,871,Shoes,66,26.223.709.153.220.200,White,XL
94,872,Jeans,96,4.646.393.153.602.180,Black,M
16,873,T-shirt,27,3.338.711.160.454.980,Red,L
54,874,Dress,45,4.163.516.573.017.340,Yellow,XL
74,875,Jeans,52,3.275.055.379.255.410,Black,L
26,876,Dress,82,12.981.686.337.719.800,Green,M
92,877,Sweater,29,45.004.308.727.166.200,Red,L
34,878,Sweater,59,4.023.961.130.050.300,Yellow,XL
1,879,T-shirt,67,43.014.616.705.889.300,Red,S
18,880,Sweater,48,19.378.068.143.090.500,White,L
25,881,Shoes,20,2.763.920.221.496.350,Red,XL
35,882,Sweater,57,24.145.047.667.618.600,Yellow,XL
73,883,Shoes,49,19.337.976.626.029.500,Yellow,L
94,884,Dress,51,2.894.494.254.484.220,Green,L
90,885,T-shirt,94,3.031.971.531.896.180,White,XL
38,886,Dress,27,3.416.143.045.780.280,Blue,M
79,887,Sweater,88,3.645.241.825.230.720,Blue,XL
39,888,Sweater,73,4.953.445.889.820.930,Blue,S
60,889,Shoes,25,4.596.019.469.844.850,Yellow,XL
67,890,T-shirt,42,10.411.063.244.871.300,Black,M
32,891,Dress,84,1.444.006.995.711.210,White,XL
63,892,T-shirt,62,3.942.359.066.241.470,Blue,M
98,893,Shoes,76,2.072.747.671.924.210,Red,S
22,894,Shoes,37,14.113.573.958.981.400,Black,S
89,895,Jeans,88,21.043.282.771.105.500,Yellow,L
41,896,Jeans,80,4.369.727.156.652.760,Black,S
84,897,Jeans,22,3.816.709.538.284.170,White,S
98,898,Dress,44,421.062.020.474.198,Green,M
83,899,Shoes,85,24.017.897.775.191.500,Red,XL
94,900,T-shirt,91,16.081.447.651.913.500,Blue,XL
44,901,Jeans,41,4.640.523.706.049.210,Red,XL
91,902,Shoes,40,31.874.602.653.963.700,Black,XL
27,903,Sweater,99,21.908.077.348.511.600,Yellow,M
80,904,Sweater,27,1.766.195.133.761.780,Yellow,M
87,905,Jeans,83,10.503.324.676.804.500,Red,XL
5,906,Shoes,23,25.470.224.755.839.000,Yellow,M
38,907,T-shirt,27,15.733.527.814.685.700,Yellow,L
32,908,Shoes,36,31.944.873.957.491,White,M
80,909,Jeans,32,33.256.505.576.714.000,Green,XL
45,910,Sweater,34,12.026.522.123.965.300,Green,S
63,911,Jeans,89,20.999.224.599.916.800,White,S
40,912,Dress,22,3.287.389.527.049.680,Blue,L
25,913,Shoes,56,39.690.079.201.222.600,Black,S
11,914,T-shirt,46,4.057.433.315.782.720,Red,L
14,915,Shoes,35,29.307.547.175.844.400,White,M
89,916,Sweater,91,3.456.679.608.274.940,Black,M
8,917,Jeans,23,2.835.769.686.780.920,Red,M
76,918,Shoes,73,3.803.150.907.795.690,Red,XL
83,919,Shoes,96,335.679.762.370.069,Red,S
21,920,T-shirt,95,38.049.406.413.640.600,Red,M
13,921,Jeans,24,29.164.895.937.776.400,Green,S
81,922,Jeans,45,4.575.139.766.805.070,Green,L
13,923,Sweater,79,28.298.935.832.831.600,White,L
92,924,Sweater,80,37.032.654.446.554.000,Black,M
40,925,Sweater,69,32.838.810.491.974.500,Blue,S
37,926,Dress,73,21.903.764.841.810.600,Blue,L
29,927,T-shirt,71,49.467.575.476.089.300,White,XL
37,928,Sweater,10,4.585.559.724.465.980,Black,L
64,929,Shoes,33,39.899.683.448.849.200,Blue,S
49,930,T-shirt,31,3.012.986.785.664.930,White,M
19,931,Dress,73,38.557.693.202.705.100,Blue,XL
64,932,Jeans,68,256.370.069.288.509,Yellow,L
16,933,Sweater,76,33.918.882.615.322.600,Blue,L
98,934,T-shirt,82,26.368.318.868.376.900,Green,XL
77,935,Sweater,60,1.883.630.518.503.250,Black,S
72,936,Sweater,33,18.814.469.253.327.600,White,M
80,937,T-shirt,38,11.232.397.856.633.000,Red,S
30,938,T-shirt,100,3.217.890.048.418.730,Blue,S
81,939,Jeans,93,4.945.684.190.748.570,White,M
63,940,T-shirt,77,3.721.576.137.398.120,White,XL
24,941,Jeans,70,1.659.599.165.583.010,White,XL
60,942,Shoes,49,19.688.774.221.860.500,Green,L
37,943,Jeans,71,4.056.119.883.016.910,Blue,L
65,944,Sweater,49,3.077.371.474.451.200,Black,S
72,945,Jeans,58,20.130.725.520.669.400,Red,L
78,946,Sweater,15,16.682.707.967.091.700,Red,S
1,947,T-shirt,48,3.155.635.638.047.160,White,S
37,948,Sweater,83,35.517.657.049.232.000,Yellow,XL
4,949,T-shirt,96,4.472.837.069.105.820,Green,M
4,950,T-shirt,86,17.063.112.011.635.600,Green,L
61,951,Sweater,62,2.948.747.205.567.800,Black,L
17,952,Dress,60,2.554.289.246.651.590,Black,L
88,953,Jeans,19,15.419.846.980.617.400,Blue,L
61,954,T-shirt,74,28.022.966.526.242.800,Green,L
81,955,Jeans,64,17.977.229.968.853.800,White,XL
39,956,Sweater,88,3.912.168.791.848.420,Black,M
2,957,Jeans,57,4.928.868.618.068.370,White,L
46,958,Shoes,16,2.204.637.505.868.550,Green,M
100,959,Sweater,45,25.655.731.426.176.500,Yellow,XL
94,960,Jeans,50,4.139.661.022.212.950,Red,M
62,961,Jeans,40,17.300.712.787.520.600,White,L
4,962,Shoes,97,26.083.587.646.499.800,Green,L
85,963,Shoes,21,4.284.576.208.971.260,Black,XL
1,964,Dress,31,4.541.801.542.689.290,White,S
21,965,Sweater,55,35.048.915.386.512.800,Yellow,S
6,966,Jeans,66,48.659.129.945.938.300,Black,S
92,967,Shoes,85,4.003.376.676.880.100,Blue,M
84,968,Sweater,46,1.339.532.011.577.430,Black,S
12,969,T-shirt,26,23.083.121.191.885.600,Red,L
78,970,Sweater,19,4.976.832.450.404.380,White,L
82,971,Shoes,45,33.757.177.663.871.000,Green,XL
84,972,Jeans,14,4.783.297.802.985.480,White,XL
4,973,Jeans,20,37.406.712.330.563.300,Red,L
56,974,Shoes,72,310.045.761.118.194,Black,XL
46,975,Dress,19,31.010.542.669.038.600,Black,L
82,976,Dress,42,1.535.476.919.818.870,White,M
4,977,T-shirt,91,4.040.697.715.971.890,Red,XL
23,978,T-shirt,98,4.176.305.463.989.140,Black,M
77,979,T-shirt,96,18.932.888.458.452.100,Blue,S
28,980,T-shirt,50,4.812.332.538.501.460,Blue,XL
35,981,Shoes,97,34.449.676.228.113.700,White,XL
50,982,Jeans,11,4.038.688.935.203.380,Green,S
94,983,Dress,50,4.457.362.281.598.340,Red,XL
70,984,Dress,64,29.060.201.819.420.100,Green,XL
57,985,T-shirt,36,2.512.345.782.355.940,Green,S
1,986,Shoes,11,4.614.652.815.655.330,Blue,M
77,987,Shoes,42,32.490.771.632.599.800,Red,M
80,988,T-shirt,56,25.739.645.481.483.400,Blue,XL
67,989,T-shirt,78,4.715.256.873.865.720,Black,S
51,990,T-shirt,16,33.925.667.395.337.200,Yellow,S
60,991,Shoes,25,4.972.677.491.285.110,Red,L
42,992,T-shirt,91,4.922.173.018.868.100,Black,M
89,993,Shoes,33,4.000.541.835.824.280,Yellow,S
59,994,Sweater,89,4.440.832.869.904.190,Green,L
34,995,Sweater,58,43.951.116.186.697.600,Red,S
20,996,Shoes,55,16.200.805.921.533.700,Black,M
42,997,Sweater,13,15.444.639.343.864.200,Green,L
9,998,Sweater,47,39.619.130.755.560.900,White,L
8,999,T-shirt,68,3.089.721.517.884.110,Blue,S
91,1000,Shoes,79,30.935.529.876.473.900,White,L